{"AAPL": -238.24266869570647, "TSLA": -522.6410456647545, "MSFT": -1079.967091359672}