{"AAPL": 245.48143809185945, "TSLA": 333.08226607165386, "MSFT": 115.23613823593433}